{
  "users": [
    {
      "id": 1,
      "email": "test@gmail.com",
      "password": "1234"
    },
    {
      "id": 2,
      "email": "ajay@gmail.com",
      "password": "4567"
    },
    {
      "id": 3,
      "email": "hello@gmail.com",
      "password": "1111"
    },
    {
      "id": 4,
      "email": "testagain@gmail.com",
      "password": "2222"
    }
  ],
  "todos": [
    {
      "id": 3,
      "userId": 2,
      "title": "TODO 2",
      "description": "Lorem Ipsum is simply dummy text of the printing and typesetting industry. Lorem Ipsum has been the industry's standard dummy text ever since the 1500s",
      "date": "12-25-20223"
    },
    {
      "id": 4,
      "userId": 2,
      "title": "TODO 3",
      "description": "Lorem Ipsum is simply dummy text of the printing and typesetting industry. Lorem Ipsum has been the industry's standard dummy text ever since the 1500s",
      "date": "12-25-20223"
    },
    {
      "id": 8,
      "userId": 3,
      "title": "TODO 2",
      "description": "Lorem Ipsum is simply dummy text of the printing and typesetting industry. Lorem Ipsum has been the industry's standard dummy text ever since the 1500s",
      "date": "12-25-20223"
    },
    {
      "id": 7,
      "userId": 1,
      "title": "TODO 2",
      "description": "Lorem Ipsum is simply dummy text of the printing and typesetting industry. Lorem Ipsum has been the industry's standard dummy text ever since the 1500s",
      "date": "12-25-20223"
    },
    {
      "id": 6,
      "userId": 4,
      "title": "TODO 2",
      "description": "Lorem Ipsum is simply dummy text of the printing and typesetting industry. Lorem Ipsum has been the industry's standard dummy text ever since the 1500s",
      "date": "12-25-20223"
    },
    {
      "userId": "1",
      "title": "aaa",
      "description": "aa",
      "date": "2023-05-25T09:46:14.971Z",
      "id": 9
    }
  ]
}